Date,Time,Name,Chat
28/08/22, 5:37 pm , Ravi Sir, <Media omitted>
31/08/22, 2:36 pm , udhayamechengineer, <Media omitted>
03/09/22, 7:23 am , Ravi Sir, <Media omitted>
14/10/22, 1:01 pm , udhayamechengineer, <Media omitted>
14/10/22, 1:01 pm , udhayamechengineer, <Media omitted>
14/10/22, 1:01 pm , udhayamechengineer, <Media omitted>
14/10/22, 1:02 pm , udhayamechengineer, <Media omitted>
14/10/22, 1:14 pm , Ravi Sir, <Media omitted>
14/10/22, 1:38 pm , udhayamechengineer, <Media omitted>
27/10/22, 11:04 am , udhayamechengineer, <Media omitted>
27/10/22, 11:04 am , udhayamechengineer, <Media omitted>
01/11/22, 8:21 pm , Ravi Sir, <Media omitted>
01/11/22, 8:21 pm , Ravi Sir, <Media omitted>
01/11/22, 8:21 pm , Ravi Sir, <Media omitted>
03/11/22, 10:32 am , udhayamechengineer, <Media omitted>
03/11/22, 10:32 am , udhayamechengineer, <Media omitted>
03/11/22, 10:32 am , udhayamechengineer, <Media omitted>
03/11/22, 10:32 am , udhayamechengineer, <Media omitted>
09/11/22, 5:08 pm , udhayamechengineer, <Media omitted>
24/11/22, 10:16 am , udhayamechengineer, <Media omitted>
24/11/22, 1:02 pm , udhayamechengineer, <Media omitted>
24/11/22, 1:02 pm , udhayamechengineer, <Media omitted>
24/11/22, 1:02 pm , udhayamechengineer, <Media omitted>
24/11/22, 1:04 pm , udhayamechengineer, <Media omitted>
24/11/22, 1:06 pm , udhayamechengineer, <Media omitted>
25/11/22, 12:17 pm , udhayamechengineer, <Media omitted>
25/11/22, 12:17 pm , udhayamechengineer, <Media omitted>
27/11/22, 8:31 am , udhayamechengineer, <Media omitted>
27/11/22, 8:31 am , udhayamechengineer, <Media omitted>
27/11/22, 8:36 am , udhayamechengineer, <Media omitted>
27/11/22, 8:36 am , udhayamechengineer, <Media omitted>
27/11/22, 11:15 am , Ravi Sir, <Media omitted>
27/11/22, 11:15 am , Ravi Sir, <Media omitted>
30/11/22, 1:00 pm , udhayamechengineer, <Media omitted>
30/11/22, 1:01 pm , udhayamechengineer, <Media omitted>
30/11/22, 1:01 pm , udhayamechengineer, <Media omitted>
30/11/22, 4:08 pm , udhayamechengineer, <Media omitted>
30/11/22, 5:08 pm , Ravi Sir, <Media omitted>
01/12/22, 6:18 pm , udhayamechengineer, <Media omitted>
01/12/22, 6:18 pm , udhayamechengineer, <Media omitted>
01/12/22, 6:18 pm , udhayamechengineer, <Media omitted>
01/12/22, 6:18 pm , udhayamechengineer, <Media omitted>
01/12/22, 6:18 pm , udhayamechengineer, <Media omitted>
01/12/22, 6:20 pm , udhayamechengineer, <Media omitted>
01/12/22, 6:20 pm , udhayamechengineer, <Media omitted>
03/12/22, 3:32 pm , udhayamechengineer, <Media omitted>
03/12/22, 3:32 pm , udhayamechengineer, <Media omitted>
03/12/22, 3:32 pm , udhayamechengineer, <Media omitted>
03/12/22, 3:32 pm , udhayamechengineer, <Media omitted>
03/12/22, 3:32 pm , udhayamechengineer, <Media omitted>
03/12/22, 3:32 pm , udhayamechengineer, <Media omitted>
03/12/22, 4:41 pm , udhayamechengineer, <Media omitted>
03/12/22, 4:41 pm , udhayamechengineer, <Media omitted>
03/12/22, 4:41 pm , udhayamechengineer, <Media omitted>
20/12/22, 3:12 pm , udhayamechengineer, <Media omitted>
24/12/22, 4:58 pm , Ravi Sir, <Media omitted>
30/12/22, 8:58 pm , udhayamechengineer, <Media omitted>
01/01/23, 8:06 am , Ravi Sir, <Media omitted>
03/01/23, 10:48 am , udhayamechengineer, <Media omitted>
03/01/23, 10:48 am , udhayamechengineer, <Media omitted>
10/01/23, 6:35 pm , udhayamechengineer, <Media omitted>
10/01/23, 6:35 pm , udhayamechengineer, <Media omitted>
12/01/23, 2:03 pm , Ravi Sir, <Media omitted>
17/01/23, 3:42 pm , udhayamechengineer, <Media omitted>
17/01/23, 3:43 pm , udhayamechengineer, <Media omitted>
24/01/23, 9:51 pm , Ravi Sir, <Media omitted>
25/01/23, 5:15 pm , udhayamechengineer, <Media omitted>
25/01/23, 5:15 pm , udhayamechengineer, <Media omitted>
25/01/23, 5:15 pm , udhayamechengineer, <Media omitted>
25/01/23, 5:15 pm , udhayamechengineer, <Media omitted>
25/01/23, 5:51 pm , Ravi Sir, <Media omitted>
07/04/23, 5:47 pm , udhayamechengineer, <Media omitted>
07/04/23, 5:48 pm , udhayamechengineer, <Media omitted>
07/04/23, 5:50 pm , udhayamechengineer, <Media omitted>
08/04/23, 12:38 pm , Ravi Sir, <Media omitted>
08/04/23, 12:38 pm , Ravi Sir, <Media omitted>
08/04/23, 12:38 pm , Ravi Sir, <Media omitted>
08/04/23, 12:38 pm , Ravi Sir, <Media omitted>
08/04/23, 12:38 pm , Ravi Sir, <Media omitted>
20/04/23, 2:28 pm , udhayamechengineer, <Media omitted>
03/05/23, 7:33 pm , Ravi Sir, <Media omitted>
04/05/23, 2:00 pm , udhayamechengineer, <Media omitted>
04/05/23, 2:10 pm , Ravi Sir, <Media omitted>
04/05/23, 2:12 pm , udhayamechengineer, <Media omitted>
11/05/23, 12:06 pm , udhayamechengineer, <Media omitted>
11/05/23, 12:06 pm , udhayamechengineer, <Media omitted>
12/05/23, 2:12 pm , udhayamechengineer, <Media omitted>
12/05/23, 2:12 pm , udhayamechengineer, <Media omitted>
12/05/23, 2:12 pm , udhayamechengineer, <Media omitted>
12/05/23, 2:12 pm , udhayamechengineer, <Media omitted>
19/05/23, 12:02 pm , udhayamechengineer, <Media omitted>
19/05/23, 12:03 pm , udhayamechengineer, <Media omitted>
19/05/23, 12:03 pm , udhayamechengineer, <Media omitted>
27/05/23, 11:45 am , Ravi Sir, <Media omitted>
27/05/23, 5:37 pm , udhayamechengineer, <Media omitted>
27/05/23, 5:37 pm , udhayamechengineer, <Media omitted>
31/05/23, 1:04 pm , udhayamechengineer, <Media omitted>
31/05/23, 1:04 pm , udhayamechengineer, <Media omitted>
31/05/23, 1:06 pm , udhayamechengineer, <Media omitted>
02/06/23, 12:05 pm , udhayamechengineer, <Media omitted>
02/06/23, 12:05 pm , udhayamechengineer, <Media omitted>
02/06/23, 12:05 pm , udhayamechengineer, <Media omitted>
02/06/23, 1:18 pm , udhayamechengineer, <Media omitted>
02/06/23, 1:18 pm , udhayamechengineer, <Media omitted>
02/06/23, 1:18 pm , udhayamechengineer, <Media omitted>
02/06/23, 1:18 pm , udhayamechengineer, <Media omitted>
02/06/23, 1:19 pm , udhayamechengineer, <Media omitted>
02/06/23, 1:19 pm , udhayamechengineer, <Media omitted>
02/06/23, 1:21 pm , udhayamechengineer, <Media omitted>
14/06/23, 2:45 pm , udhayamechengineer, <Media omitted>
14/06/23, 2:46 pm , udhayamechengineer, <Media omitted>
14/06/23, 2:46 pm , udhayamechengineer, <Media omitted>
14/06/23, 2:47 pm , udhayamechengineer, <Media omitted>
14/06/23, 7:23 pm , udhayamechengineer, <Media omitted>
14/06/23, 7:23 pm , udhayamechengineer, <Media omitted>
14/06/23, 7:50 pm , Ravi Sir, <Media omitted>
14/06/23, 9:14 pm , udhayamechengineer, <Media omitted>
19/06/23, 1:35 pm , Ravi Sir, <Media omitted>
21/06/23, 7:20 pm , udhayamechengineer, <Media omitted>
21/06/23, 7:20 pm , udhayamechengineer, <Media omitted>
21/06/23, 7:20 pm , udhayamechengineer, <Media omitted>
21/06/23, 7:21 pm , udhayamechengineer, <Media omitted>
21/06/23, 7:22 pm , udhayamechengineer, <Media omitted>
